srd_text,year,value
Alabama,1976,6.7666664
Alabama,1977,7.3166666
Alabama,1978,6.3166666
Alabama,1979,7.175
Alabama,1980,8.883333
Alabama,1981,10.533334
Alabama,1982,14.083333
Alabama,1983,13.833333
Alabama,1984,11.0
Alabama,1985,9.141666
Alabama,1986,9.708333
Alabama,1987,8.058333
Alabama,1988,7.1916666
Alabama,1989,7.0416665
Alabama,1990,7.498617
Alabama,1991,8.226939
Alabama,1992,8.430306
Alabama,1993,8.323632
Alabama,1994,6.9821405
Alabama,1995,6.8605533
Alabama,1996,6.3211665
Alabama,1997,5.8725443
Alabama,1998,5.167845
Alabama,1999,5.5555744
Alabama,2000,4.889451
Alabama,2001,5.521421
Alabama,2002,6.259849
Alabama,2003,6.3194833
Alabama,2004,5.9761033
Alabama,2005,4.788913
Alabama,2006,4.6046286
Alabama,2007,4.426211
Alabama,2008,6.141819
Alabama,2009,11.558234
Alabama,2010,10.97107
Alabama,2011,10.041812
Alabama,2012,8.34536
Alabama,2013,7.643504
Alabama,2014,7.1756005
Alabama,2015,6.4933724
Alabama,2016,6.1845536
Alabama,2017,4.730037
Alabama,2018,4.206093
Alabama,2019,3.810615
Alaska,1976,7.516667
Alaska,1977,9.866667
Alaska,1978,10.616667
Alaska,1979,9.275
Alaska,1980,9.65
Alaska,1981,9.383333
Alaska,1982,9.958333
Alaska,1983,9.933333
Alaska,1984,9.85
Alaska,1985,9.691667
Alaska,1986,10.933333
Alaska,1987,10.266666
Alaska,1988,8.783333
Alaska,1989,7.008333
Alaska,1990,7.893148
Alaska,1991,9.05546
Alaska,1992,9.33576
Alaska,1993,8.347537
Alaska,1994,8.650625
Alaska,1995,8.307917
Alaska,1996,8.655833
Alaska,1997,8.224167
Alaska,1998,7.9939585
Alaska,1999,8.024167
Alaska,2000,7.816875
Alaska,2001,8.158542
Alaska,2002,9.112708
Alaska,2003,9.6883335
Alaska,2004,9.465834
Alaska,2005,8.822083
Alaska,2006,8.431666
Alaska,2007,7.9408336
Alaska,2008,8.350417
Alaska,2009,9.328125
Alaska,2010,9.801541
Alaska,2011,9.993642
Alaska,2012,9.773411
Alaska,2013,9.68921
Alaska,2014,9.536801
Alaska,2015,8.828709
Alaska,2016,8.730058
Alaska,2017,8.529095
Alaska,2018,8.153564
Alaska,2019,8.560715
Arizona,1976,9.683333
Arizona,1977,8.216667
Arizona,1978,6.0333333
Arizona,1979,5.0916667
Arizona,1980,6.65
Arizona,1981,6.225
Arizona,1982,10.091666
Arizona,1983,8.825
Arizona,1984,5.175
Arizona,1985,6.3333335
Arizona,1986,6.925
Arizona,1987,6.45
Arizona,1988,6.366667
Arizona,1989,5.358333
Arizona,1990,6.902627
Arizona,1991,7.551839
Arizona,1992,9.795972
Arizona,1993,9.235376
Arizona,1994,9.234676
Arizona,1995,8.529072
Arizona,1996,9.172154
Arizona,1997,7.7422943
Arizona,1998,7.370548
Arizona,1999,7.050151
Arizona,2000,5.0154033
Arizona,2001,5.697066
Arizona,2002,6.7600245
Arizona,2003,6.471027
Arizona,2004,5.8639364
Arizona,2005,5.535941
Arizona,2006,5.056357
Arizona,2007,4.651467
Arizona,2008,7.019193
Arizona,2009,10.924083
Arizona,2010,12.171208
Arizona,2011,11.15628
Arizona,2012,10.040876
Arizona,2013,9.667536
Arizona,2014,8.413507
Arizona,2015,7.6945496
Arizona,2016,6.9398103
Arizona,2017,6.166825
Arizona,2018,6.1035547
Arizona,2019,6.2347255
Arkansas,1976,6.975
Arkansas,1977,6.45
Arkansas,1978,6.1916666
Arkansas,1979,6.2083335
Arkansas,1980,7.5583334
Arkansas,1981,8.758333
Arkansas,1982,9.9
Arkansas,1983,9.825
Arkansas,1984,8.733334
Arkansas,1985,8.683333
Arkansas,1986,8.558333
Arkansas,1987,8.108334
Arkansas,1988,7.6
Arkansas,1989,6.975
Arkansas,1990,7.3999357
Arkansas,1991,8.027069
Arkansas,1992,7.6600385
Arkansas,1993,6.7389994
Arkansas,1994,5.968762
Arkansas,1995,5.4385505
Arkansas,1996,6.0166774
Arkansas,1997,5.938104
Arkansas,1998,5.901781
Arkansas,1999,5.2741733
Arkansas,2000,4.61405
Arkansas,2001,5.397801
Arkansas,2002,5.9274282
Arkansas,2003,6.4434333
Arkansas,2004,6.2359195
Arkansas,2005,5.7883325
Arkansas,2006,5.652535
Arkansas,2007,5.8060474
Arkansas,2008,5.9835677
Arkansas,2009,8.416493
Arkansas,2010,8.802199
Arkansas,2011,8.969394
Arkansas,2012,8.205334
Arkansas,2013,7.8809695
Arkansas,2014,6.596303
Arkansas,2015,5.5498786
Arkansas,2016,4.410303
Arkansas,2017,4.1082425
Arkansas,2018,4.101697
Arkansas,2019,4.162992
California,1976,9.063889
California,1977,8.294444
California,1978,7.1055555
California,1979,6.1305556
California,1980,6.797222
California,1981,7.297222
California,1982,9.844444
California,1983,9.802777
California,1984,7.788889
California,1985,7.1444445
California,1986,6.7333336
California,1987,5.836111
California,1988,5.275
California,1989,5.177778
California,1990,6.3030386
California,1991,8.142989
California,1992,9.65404
California,1993,9.773847
California,1994,8.864236
California,1995,8.368005
California,1996,7.7679386
California,1997,6.920971
California,1998,6.504056
California,1999,5.6859207
California,2000,5.2329116
California,2001,5.643732
California,2002,6.7493057
California,2003,6.930278
California,2004,6.4090242
California,2005,5.667558
California,2006,5.1698856
California,2007,5.659351
California,2008,7.4923844
California,2009,11.228011
California,2010,12.411356
California,2011,11.922435
California,2012,10.638703
California,2013,9.168994
California,2014,7.7407317
California,2015,6.5013127
California,2016,5.97802
California,2017,5.2204523
California,2018,4.5559015
California,2019,4.6944036
Colorado,1976,5.8083334
Colorado,1977,6.366667
Colorado,1978,5.5166664
Colorado,1979,4.741667
Colorado,1980,5.8083334
Colorado,1981,5.733333
Colorado,1982,7.3333335
Colorado,1983,7.108333
Colorado,1984,5.4416666
Colorado,1985,6.075
Colorado,1986,7.508333
Colorado,1987,7.5333333
Colorado,1988,6.5
Colorado,1989,5.633333
Colorado,1990,5.2100863
Colorado,1991,5.7339087
Colorado,1992,6.8863306
Colorado,1993,5.8341074
Colorado,1994,4.6323156
Colorado,1995,4.4798937
Colorado,1996,4.800199
Colorado,1997,4.0934305
Colorado,1998,4.345786
Colorado,1999,3.71858
Colorado,2000,2.9995759
Colorado,2001,3.765697
Colorado,2002,5.1158786
Colorado,2003,5.6270304
Colorado,2004,5.2304244
Colorado,2005,4.8775153
Colorado,2006,4.1737576
Colorado,2007,3.5727272
Colorado,2008,4.604788
Colorado,2009,6.7550907
Colorado,2010,8.610184
Colorado,2011,8.500829
Colorado,2012,8.06039
Colorado,2013,7.0804024
Colorado,2014,5.203256
Colorado,2015,4.0349913
Colorado,2016,3.3523386
Colorado,2017,2.7782986
Colorado,2018,3.2782407
Colorado,2019,3.1471536
Connecticut,1976,9.275
Connecticut,1977,6.991667
Connecticut,1978,5.225
Connecticut,1979,5.15
Connecticut,1980,5.8083334
Connecticut,1981,6.1666665
Connecticut,1982,6.866667
Connecticut,1983,6.008333
Connecticut,1984,4.6666665
Connecticut,1985,4.7166667
Connecticut,1986,3.8416667
Connecticut,1987,3.35
Connecticut,1988,2.9666667
Connecticut,1989,3.75
Connecticut,1990,4.6126795
Connecticut,1991,5.9936604
Connecticut,1992,6.8522725
Connecticut,1993,6.014753
Connecticut,1994,5.010686
Connecticut,1995,4.886563
Connecticut,1996,4.936563
Connecticut,1997,4.485367
Connecticut,1998,3.0630383
Connecticut,1999,2.4849281
Connecticut,2000,2.1261563
Connecticut,2001,2.7351675
Connecticut,2002,3.8098884
Connecticut,2003,4.770415
Connecticut,2004,4.417265
Connecticut,2005,4.3785887
Connecticut,2006,3.9062202
Connecticut,2007,4.0225677
Connecticut,2008,5.1224084
Connecticut,2009,7.2081738
Connecticut,2010,8.37996
Connecticut,2011,8.036513
Connecticut,2012,7.6442485
Connecticut,2013,7.123327
Connecticut,2014,6.061804
Connecticut,2015,5.20513
Connecticut,2016,4.705291
Connecticut,2017,4.321523
Connecticut,2018,3.7753909
Connecticut,2019,3.6495535
Delaware,1976,8.816667
Delaware,1977,8.458333
Delaware,1978,7.4083333
Delaware,1979,7.2
Delaware,1980,7.6083336
Delaware,1981,7.85
Delaware,1982,8.366667
Delaware,1983,7.741667
Delaware,1984,6.3083334
Delaware,1985,5.1416664
Delaware,1986,4.3333335
Delaware,1987,3.1
Delaware,1988,3.1333332
Delaware,1989,3.4916668
Delaware,1990,5.0047617
Delaware,1991,6.4613094
Delaware,1992,5.802976
Delaware,1993,5.489881
Delaware,1994,5.1267858
Delaware,1995,4.5940475
Delaware,1996,5.141667
Delaware,1997,4.359524
Delaware,1998,3.9625
Delaware,1999,3.744643
Delaware,2000,3.927381
Delaware,2001,3.7625
Delaware,2002,4.170833
Delaware,2003,4.285714
Delaware,2004,4.0988097
Delaware,2005,4.0851192
Delaware,2006,3.6035714
Delaware,2007,3.642857
Delaware,2008,5.195833
Delaware,2009,8.516071
Delaware,2010,8.970238
Delaware,2011,8.15
Delaware,2012,7.7791667
Delaware,2013,7.284524
Delaware,2014,6.2642856
Delaware,2015,5.366071
Delaware,2016,4.9857144
Delaware,2017,4.901786
Delaware,2018,4.1232142
Delaware,2019,3.7516484
District of Columbia,1976,8.95
District of Columbia,1977,9.183333
District of Columbia,1978,8.275
District of Columbia,1979,7.025
District of Columbia,1980,7.366667
District of Columbia,1981,8.941667
District of Columbia,1982,10.441667
District of Columbia,1983,11.216667
District of Columbia,1984,9.175
District of Columbia,1985,8.133333
District of Columbia,1986,7.5333333
District of Columbia,1987,6.3416667
District of Columbia,1988,5.0333333
District of Columbia,1989,4.9083333
District of Columbia,1990,5.213592
District of Columbia,1991,6.723301
District of Columbia,1992,7.484466
District of Columbia,1993,7.23301
District of Columbia,1994,6.6349516
District of Columbia,1995,7.1252427
District of Columbia,1996,6.8446603
District of Columbia,1997,6.4640775
District of Columbia,1998,6.5330095
District of Columbia,1999,5.0359225
District of Columbia,2000,4.5660195
District of Columbia,2001,5.2582526
District of Columbia,2002,5.533981
District of Columbia,2003,5.7601943
District of Columbia,2004,6.3029127
District of Columbia,2005,5.326214
District of Columbia,2006,4.832039
District of Columbia,2007,4.58932
District of Columbia,2008,5.453398
District of Columbia,2009,8.105825
District of Columbia,2010,8.356311
District of Columbia,2011,8.724272
District of Columbia,2012,7.8932037
District of Columbia,2013,7.4485435
District of Columbia,2014,6.816505
District of Columbia,2015,5.9961166
District of Columbia,2016,5.315534
District of Columbia,2017,5.2155337
District of Columbia,2018,4.7359223
District of Columbia,2019,4.805357
Florida,1976,9.108334
Florida,1977,8.175
Florida,1978,6.7083335
Florida,1979,5.95
Florida,1980,6.0916667
Florida,1981,6.65
Florida,1982,8.441667
Florida,1983,8.516666
Florida,1984,6.383333
Florida,1985,5.975
Florida,1986,5.8
Florida,1987,5.3083334
Florida,1988,5.125
Florida,1989,5.5666666
Florida,1990,6.4928603
Florida,1991,7.8235397
Florida,1992,8.636781
Florida,1993,7.6140633
Florida,1994,6.829511
Florida,1995,5.8827233
Florida,1996,5.6051917
Florida,1997,5.3193192
Florida,1998,4.9143157
Florida,1999,4.4084353
Florida,2000,3.9056218
Florida,2001,4.860416
Florida,2002,5.7489796
Florida,2003,5.2937236
Florida,2004,4.7577205
Florida,2005,3.6402001
Florida,2006,3.199923
Florida,2007,3.984174
Florida,2008,6.2033887
Florida,2009,9.988178
Florida,2010,10.710481
Florida,2011,9.82284
Florida,2012,8.391661
Florida,2013,7.2195344
Florida,2014,6.3003383
Florida,2015,5.591626
Florida,2016,4.9250374
Florida,2017,4.315512
Florida,2018,3.680361
Florida,2019,3.515516
Georgia,1976,8.158333
Georgia,1977,6.9083333
Georgia,1978,5.7333336
Georgia,1979,5.125
Georgia,1980,6.35
Georgia,1981,6.366667
Georgia,1982,7.766667
Georgia,1983,7.75
Georgia,1984,6.116667
Georgia,1985,6.4083333
Georgia,1986,5.975
Georgia,1987,5.675
Georgia,1988,5.7
Georgia,1989,5.5
Georgia,1990,6.196678
Georgia,1991,5.7930846
Georgia,1992,7.769051
Georgia,1993,6.8948474
Georgia,1994,5.9405084
Georgia,1995,5.6411185
Georgia,1996,5.8641357
Georgia,1997,5.8358645
Georgia,1998,5.5643606
Georgia,1999,5.1874204
Georgia,2000,4.2414556
Georgia,2001,4.806284
Georgia,2002,5.3591537
Georgia,2003,5.121417
Georgia,2004,5.093299
Georgia,2005,5.608817
Georgia,2006,4.978038
Georgia,2007,4.929112
Georgia,2008,6.7832637
Georgia,2009,10.661334
Georgia,2010,11.368496
Georgia,2011,11.096972
Georgia,2012,10.025386
Georgia,2013,8.974907
Georgia,2014,7.7447777
Georgia,2015,6.5399876
Georgia,2016,5.881317
Georgia,2017,5.0946136
Georgia,2018,4.3086796
Georgia,2019,4.128857
Hawaii,1976,9.391666
Hawaii,1977,7.825
Hawaii,1978,7.108333
Hawaii,1979,6.0833335
Hawaii,1980,5.0583334
Hawaii,1981,5.425
Hawaii,1982,6.3166666
Hawaii,1983,6.1666665
Hawaii,1984,5.6749997
Hawaii,1985,5.391667
Hawaii,1986,4.775
Hawaii,1987,3.8166666
Hawaii,1988,3.175
Hawaii,1989,2.5333333
Hawaii,1990,3.3295774
Hawaii,1991,3.7302816
Hawaii,1992,6.240141
Hawaii,1993,6.5450706
Hawaii,1994,7.483803
Hawaii,1995,7.612676
Hawaii,1996,7.8422537
Hawaii,1997,7.6605635
Hawaii,1998,7.2098594
Hawaii,1999,6.1514087
Hawaii,2000,4.399296
Hawaii,2001,4.702817
Hawaii,2002,4.334507
Hawaii,2003,4.2112675
Hawaii,2004,3.488028
Hawaii,2005,2.9119718
Hawaii,2006,2.6549296
Hawaii,2007,2.8985915
Hawaii,2008,4.700704
Hawaii,2009,8.243662
Hawaii,2010,7.828169
Hawaii,2011,7.6507044
Hawaii,2012,6.578169
Hawaii,2013,5.297183
Hawaii,2014,4.608451
Hawaii,2015,3.7690141
Hawaii,2016,3.106338
Hawaii,2017,2.5140846
Hawaii,2018,2.5316901
Hawaii,2019,2.9532468
Idaho,1976,5.575
Idaho,1977,5.766667
Idaho,1978,5.4583335
Idaho,1979,5.8083334
Idaho,1980,7.525
Idaho,1981,7.775
Idaho,1982,9.908334
Idaho,1983,8.941667
Idaho,1984,7.325
Idaho,1985,7.866667
Idaho,1986,8.433333
Idaho,1987,7.6083336
Idaho,1988,6.0416665
Idaho,1989,5.2833333
Idaho,1990,5.9587164
Idaho,1991,6.765134
Idaho,1992,7.012513
Idaho,1993,6.7522154
Idaho,1994,6.0222573
Idaho,1995,5.96192
Idaho,1996,5.957173
Idaho,1997,5.8122787
Idaho,1998,5.7701354
Idaho,1999,5.576078
Idaho,2000,5.179532
Idaho,2001,5.489376
Idaho,2002,5.8348927
Idaho,2003,5.920565
Idaho,2004,5.3061404
Idaho,2005,4.3572125
Idaho,2006,3.797271
Idaho,2007,3.2397661
Idaho,2008,5.1149125
Idaho,2009,8.4939575
Idaho,2010,9.04235
Idaho,2011,8.529418
Idaho,2012,7.454097
Idaho,2013,6.41155
Idaho,2014,5.0962486
Idaho,2015,4.5011845
Idaho,2016,4.0741363
Idaho,2017,3.4447367
Idaho,2018,3.0953217
Idaho,2019,3.4300182
Illinois,1976,6.575
Illinois,1977,6.2333336
Illinois,1978,5.9583335
Illinois,1979,5.5416665
Illinois,1980,8.166666
Illinois,1981,8.533333
Illinois,1982,11.358334
Illinois,1983,11.816667
Illinois,1984,9.033333
Illinois,1985,9.05
Illinois,1986,8.291667
Illinois,1987,7.4333334
Illinois,1988,6.6583333
Illinois,1989,6.016667
Illinois,1990,5.908357
Illinois,1991,6.984169
Illinois,1992,7.585399
Illinois,1993,7.0663514
Illinois,1994,5.6002173
Illinois,1995,5.026389
Illinois,1996,5.3048744
Illinois,1997,4.6817985
Illinois,1998,4.3519554
Illinois,1999,4.31546
Illinois,2000,4.2982492
Illinois,2001,5.1732073
Illinois,2002,6.0476933
Illinois,2003,6.5250416
Illinois,2004,6.0071707
Illinois,2005,5.4470816
Illinois,2006,4.522818
Illinois,2007,4.964397
Illinois,2008,6.369594
Illinois,2009,10.075765
Illinois,2010,10.127736
Illinois,2011,9.3509655
Illinois,2012,8.734094
Illinois,2013,8.879855
Illinois,2014,6.976663
Illinois,2015,5.9703593
Illinois,2016,5.8535137
Illinois,2017,4.9772263
Illinois,2018,4.591148
Illinois,2019,4.623743
Indiana,1976,6.016667
Indiana,1977,5.7833333
Indiana,1978,5.5833335
Indiana,1979,6.483333
Indiana,1980,9.675
Indiana,1981,9.866667
Indiana,1982,11.966666
Indiana,1983,11.2
Indiana,1984,8.541666
Indiana,1985,7.8
Indiana,1986,6.875
Indiana,1987,6.225
Indiana,1988,5.233333
Indiana,1989,4.8416667
Indiana,1990,6.0116796
Indiana,1991,6.7559075
Indiana,1992,7.1751018
Indiana,1993,5.8473516
Indiana,1994,5.2607064
Indiana,1995,4.9856825
Indiana,1996,4.48604
Indiana,1997,3.8539584
Indiana,1998,3.382366
Indiana,1999,3.2985048
Indiana,2000,3.3584347
Indiana,2001,4.616087
Indiana,2002,5.476522
Indiana,2003,5.6308694
Indiana,2004,5.7187824
Indiana,2005,5.759
Indiana,2006,5.2766523
Indiana,2007,4.7649565
Indiana,2008,6.240174
Indiana,2009,11.0180435
Indiana,2010,10.690951
Indiana,2011,9.300592
Indiana,2012,8.471121
Indiana,2013,7.7563214
Indiana,2014,6.0164905
Indiana,2015,4.8948836
Indiana,2016,4.508541
Indiana,2017,3.6216068
Indiana,2018,3.4993658
Indiana,2019,3.649058
Iowa,1976,3.9833333
Iowa,1977,3.8833334
Iowa,1978,3.8500001
Iowa,1979,4.2166667
Iowa,1980,6.0416665
Iowa,1981,6.575
Iowa,1982,8.508333
Iowa,1983,8.125
Iowa,1984,6.9833336
Iowa,1985,7.45
Iowa,1986,6.75
Iowa,1987,5.4833336
Iowa,1988,4.5
Iowa,1989,4.1916666
Iowa,1990,4.466499
Iowa,1991,4.803622
Iowa,1992,4.604448
Iowa,1993,4.205447
Iowa,1994,3.7260869
Iowa,1995,3.695852
Iowa,1996,3.747776
Iowa,1997,3.3027308
Iowa,1998,2.9332175
Iowa,1999,2.7590864
Iowa,2000,2.7220778
Iowa,2001,3.4448774
Iowa,2002,4.0749397
Iowa,2003,4.6
Iowa,2004,4.520972
Iowa,2005,4.288937
Iowa,2006,3.7294853
Iowa,2007,3.7363636
Iowa,2008,4.3176527
Iowa,2009,6.660462
Iowa,2010,6.0872684
Iowa,2011,5.5691686
Iowa,2012,5.045558
Iowa,2013,4.750499
Iowa,2014,4.242613
Iowa,2015,3.7936816
Iowa,2016,3.6329217
Iowa,2017,3.1517816
Iowa,2018,2.5867934
Iowa,2019,2.6637566
Kansas,1976,4.2083335
Kansas,1977,3.9166665
Kansas,1978,3.1166668
Kansas,1979,3.2333333
Kansas,1980,4.4333334
Kansas,1981,4.3083334
Kansas,1982,6.2666664
Kansas,1983,5.8583336
Kansas,1984,4.925
Kansas,1985,5.075
Kansas,1986,5.35
Kansas,1987,4.825
Kansas,1988,4.525
Kansas,1989,4.1749997
Kansas,1990,3.7995725
Kansas,1991,3.9858365
Kansas,1992,4.1124535
Kansas,1993,4.4629073
Kansas,1994,4.451256
Kansas,1995,4.15345
Kansas,1996,4.0992036
Kansas,1997,3.7376385
Kansas,1998,3.476173
Kansas,1999,3.1455498
Kansas,2000,3.3860734
Kansas,2001,4.0480103
Kansas,2002,4.4516754
Kansas,2003,4.678534
Kansas,2004,4.9125133
Kansas,2005,4.559843
Kansas,2006,3.9828272
Kansas,2007,3.9314137
Kansas,2008,4.190838
Kansas,2009,5.9709425
Kansas,2010,6.2415085
Kansas,2011,5.8378143
Kansas,2012,5.223756
Kansas,2013,4.8698306
Kansas,2014,4.1481786
Kansas,2015,3.980862
Kansas,2016,3.8864033
Kansas,2017,3.4358132
Kansas,2018,3.1466906
Kansas,2019,3.3799047
Kentucky,1976,5.383333
Kentucky,1977,4.866667
Kentucky,1978,5.108333
Kentucky,1979,5.5416665
Kentucky,1980,7.9416666
Kentucky,1981,8.591666
Kentucky,1982,10.816667
Kentucky,1983,11.416667
Kentucky,1984,9.291667
Kentucky,1985,9.2
Kentucky,1986,9.383333
Kentucky,1987,8.466666
Kentucky,1988,7.6
Kentucky,1989,6.3583336
Kentucky,1990,7.01341
Kentucky,1991,8.587604
Kentucky,1992,7.958111
Kentucky,1993,7.22
Kentucky,1994,6.2497234
Kentucky,1995,6.321851
Kentucky,1996,6.4812183
Kentucky,1997,6.327989
Kentucky,1998,5.62492
Kentucky,1999,5.4939075
Kentucky,2000,4.7357173
Kentucky,2001,5.712132
Kentucky,2002,6.127252
Kentucky,2003,6.6682663
Kentucky,2004,5.903893
Kentucky,2005,6.3947034
Kentucky,2006,6.182481
Kentucky,2007,5.9167495
Kentucky,2008,6.8758264
Kentucky,2009,11.041104
Kentucky,2010,11.010676
Kentucky,2011,10.13452
Kentucky,2012,8.999244
Kentucky,2013,8.983363
Kentucky,2014,7.249288
Kentucky,2015,6.20863
Kentucky,2016,6.1819396
Kentucky,2017,5.785498
Kentucky,2018,5.006895
Kentucky,2019,5.076961
Louisiana,1976,6.7166667
Louisiana,1977,7.0666666
Louisiana,1978,6.7916665
Louisiana,1979,6.6
Louisiana,1980,6.85
Louisiana,1981,8.383333
Louisiana,1982,10.275
Louisiana,1983,11.516666
Louisiana,1984,10.066667
Louisiana,1985,11.55
Louisiana,1986,12.733334
Louisiana,1987,12.116667
Louisiana,1988,10.85
Louisiana,1989,7.9416666
Louisiana,1990,6.700518
Louisiana,1991,8.111621
Louisiana,1992,8.591784
Louisiana,1993,7.8475943
Louisiana,1994,8.340193
Louisiana,1995,7.461584
Louisiana,1996,7.295929
Louisiana,1997,6.9895635
Louisiana,1998,6.6669135
Louisiana,1999,5.9969654
Louisiana,2000,5.946921
Louisiana,2001,6.5099707
Louisiana,2002,6.9034457
Louisiana,2003,7.3266864
Louisiana,2004,6.741642
Louisiana,2005,7.2571535
Louisiana,2006,4.6636014
Louisiana,2007,4.770088
Louisiana,2008,5.4288125
Louisiana,2009,7.616569
Louisiana,2010,8.687683
Louisiana,2011,8.615689
Louisiana,2012,7.807258
Louisiana,2013,7.4092374
Louisiana,2014,7.039003
Louisiana,2015,7.064663
Louisiana,2016,6.7512465
Louisiana,2017,5.7230206
Louisiana,2018,5.4398828
Louisiana,2019,5.059456
Maine,1976,8.675
Maine,1977,8.241667
Maine,1978,6.416667
Maine,1979,6.791667
Maine,1980,7.625
Maine,1981,7.35
Maine,1982,8.375
Maine,1983,8.283333
Maine,1984,6.2333336
Maine,1985,5.475
Maine,1986,5.275
Maine,1987,4.375
Maine,1988,3.6416667
Maine,1989,4.05
Maine,1990,5.1471524
Maine,1991,7.122183
Maine,1992,7.125418
Maine,1993,7.280685
Maine,1994,7.3530936
Maine,1995,6.430651
Maine,1996,5.8358207
Maine,1997,5.871194
Maine,1998,5.3079104
Maine,1999,4.9944096
Maine,2000,3.9535966
Maine,2001,4.421079
Maine,2002,5.0474715
Maine,2003,5.966171
Maine,2004,5.6207814
Maine,2005,5.956896
Maine,2006,5.670565
Maine,2007,5.857207
Maine,2008,6.6922665
Maine,2009,9.434754
Maine,2010,8.830615
Maine,2011,8.629556
Maine,2012,8.172978
Maine,2013,7.283068
Maine,2014,6.270076
Maine,2015,4.9193964
Maine,2016,4.2683253
Maine,2017,3.7954388
Maine,2018,3.717139
Maine,2019,3.8573139
Maryland,1976,6.65
Maryland,1977,6.25
Maryland,1978,5.525
Maryland,1979,5.775
Maryland,1980,6.575
Maryland,1981,7.258333
Maryland,1982,8.283333
Maryland,1983,6.991667
Maryland,1984,5.3583336
Maryland,1985,4.6
Maryland,1986,4.55
Maryland,1987,4.366667
Maryland,1988,4.241667
Maryland,1989,3.8166666
Maryland,1990,5.7125
Maryland,1991,7.428767
Maryland,1992,8.192466
Maryland,1993,7.204452
Maryland,1994,6.182363
Maryland,1995,5.9664383
Maryland,1996,6.0866437
Maryland,1997,5.9054794
Maryland,1998,5.231156
Maryland,1999,4.241541
Maryland,2000,3.9703279
Maryland,2001,4.4165573
Maryland,2002,4.752787
Maryland,2003,4.8081965
Maryland,2004,4.5654097
Maryland,2005,4.3557377
Maryland,2006,4.1468854
Maryland,2007,3.792295
Maryland,2008,4.640164
Maryland,2009,7.593279
Maryland,2010,8.447833
Maryland,2011,8.046067
Maryland,2012,7.7017655
Maryland,2013,7.22809
Maryland,2014,6.399358
Maryland,2015,5.6362762
Maryland,2016,4.977528
Maryland,2017,4.720064
Maryland,2018,4.350883
Maryland,2019,4.3133926
Massachusetts,1976,9.566667
Massachusetts,1977,7.775
Massachusetts,1978,6.2166667
Massachusetts,1979,5.491667
Massachusetts,1980,5.65
Massachusetts,1981,6.4666667
Massachusetts,1982,7.7083335
Massachusetts,1983,6.7666664
Massachusetts,1984,4.775
Massachusetts,1985,3.9666667
Massachusetts,1986,3.9083333
Massachusetts,1987,3.2416666
Massachusetts,1988,3.2583334
Massachusetts,1989,4.1416664
Massachusetts,1990,5.9989395
Massachusetts,1991,8.383455
Massachusetts,1992,8.203645
Massachusetts,1993,6.7923255
Massachusetts,1994,5.945623
Massachusetts,1995,5.162476
Massachusetts,1996,4.3924413
Massachusetts,1997,3.9462593
Massachusetts,1998,3.3300617
Massachusetts,1999,3.1809874
Massachusetts,2000,2.6411107
Massachusetts,2001,3.4705553
Massachusetts,2002,4.8413806
Massachusetts,2003,5.3065367
Massachusetts,2004,4.841805
Massachusetts,2005,4.5905128
Massachusetts,2006,4.667393
Massachusetts,2007,4.4465485
Massachusetts,2008,5.304493
Massachusetts,2009,7.809545
Massachusetts,2010,8.230526
Massachusetts,2011,7.1870866
Massachusetts,2012,6.61807
Massachusetts,2013,6.6975045
Massachusetts,2014,5.7428155
Massachusetts,2015,4.8071947
Massachusetts,2016,3.8979414
Massachusetts,2017,3.7800374
Massachusetts,2018,3.3849657
Massachusetts,2019,3.215946
Michigan,1976,9.4
Michigan,1977,8.216666
Michigan,1978,6.9583335
Michigan,1979,7.8083334
Michigan,1980,12.35
Michigan,1981,12.391666
Michigan,1982,15.333333
Michigan,1983,14.4
Michigan,1984,11.2
Michigan,1985,9.95
Michigan,1986,8.825
Michigan,1987,8.308333
Michigan,1988,7.4833336
Michigan,1989,7.175
Michigan,1990,7.843029
Michigan,1991,9.327335
Michigan,1992,9.3235035
Michigan,1993,7.8445253
Michigan,1994,6.888066
Michigan,1995,6.1568613
Michigan,1996,5.543613
Michigan,1997,4.8229933
Michigan,1998,4.310593
Michigan,1999,4.071203
Michigan,2000,3.9069686
Michigan,2001,5.4190593
Michigan,2002,6.3443904
Michigan,2003,7.1295123
Michigan,2004,6.992021
Michigan,2005,6.7541113
Michigan,2006,7.0374565
Michigan,2007,7.0663066
Michigan,2008,7.9329267
Michigan,2009,13.098292
Michigan,2010,12.551254
Michigan,2011,10.514197
Michigan,2012,9.273118
Michigan,2013,9.031901
Michigan,2014,7.4368854
Michigan,2015,5.7392917
Michigan,2016,5.2945685
Michigan,2017,5.034479
Michigan,2018,4.4583364
Michigan,2019,4.680612
Minnesota,1976,5.8083334
Minnesota,1977,5.258333
Minnesota,1978,3.8666666
Minnesota,1979,4.241667
Minnesota,1980,5.775
Minnesota,1981,5.7666664
Minnesota,1982,7.9166665
Minnesota,1983,8.008333
Minnesota,1984,6.2833333
Minnesota,1985,5.991667
Minnesota,1986,5.5333333
Minnesota,1987,5.0916667
Minnesota,1988,4.2833333
Minnesota,1989,4.3416667
Minnesota,1990,5.595402
Minnesota,1991,5.868248
Minnesota,1992,5.8748307
Minnesota,1993,5.7743464
Minnesota,1994,4.8924494
Minnesota,1995,4.408843
Minnesota,1996,4.7008605
Minnesota,1997,3.9504302
Minnesota,1998,3.3283136
Minnesota,1999,3.5153918
Minnesota,2000,3.5802643
Minnesota,2001,4.07559
Minnesota,2002,4.679509
Minnesota,2003,5.0723324
Minnesota,2004,4.9078846
Minnesota,2005,4.3428235
Minnesota,2006,4.270491
Minnesota,2007,4.8053823
Minnesota,2008,5.613598
Minnesota,2009,7.7618036
Minnesota,2010,7.4754553
Minnesota,2011,6.6229963
Minnesota,2012,5.732969
Minnesota,2013,5.173406
Minnesota,2014,4.4341984
Minnesota,2015,3.9515939
Minnesota,2016,4.178233
Minnesota,2017,3.6807833
Minnesota,2018,3.2051456
Minnesota,2019,4.0001693
Mississippi,1976,6.508333
Mississippi,1977,7.3166666
Mississippi,1978,6.925
Mississippi,1979,5.7666664
Mississippi,1980,7.425
Mississippi,1981,8.533333
Mississippi,1982,11.058333
Mississippi,1983,12.041667
Mississippi,1984,10.533333
Mississippi,1985,10.358334
Mississippi,1986,11.408334
Mississippi,1987,9.966666
Mississippi,1988,8.416667
Mississippi,1989,7.85
Mississippi,1990,8.589676
Mississippi,1991,9.768968
Mississippi,1992,9.156628
Mississippi,1993,7.6387296
Mississippi,1994,7.3708
Mississippi,1995,7.286683
Mississippi,1996,7.24832
Mississippi,1997,6.9078193
Mississippi,1998,6.4590907
Mississippi,1999,6.416485
Mississippi,2000,5.975358
Mississippi,2001,6.2982697
Mississippi,2002,7.4757757
Mississippi,2003,7.1570406
Mississippi,2004,6.9470167
Mississippi,2005,8.036634
Mississippi,2006,7.0786395
Mississippi,2007,6.9857993
Mississippi,2008,7.528043
Mississippi,2009,10.823329
Mississippi,2010,11.685423
Mississippi,2011,11.217551
Mississippi,2012,10.165948
Mississippi,2013,9.810671
Mississippi,2014,8.658659
Mississippi,2015,7.39586
Mississippi,2016,6.686822
Mississippi,2017,5.827755
Mississippi,2018,5.40793
Mississippi,2019,5.9528136
Missouri,1976,6.233333
Missouri,1977,6.05
Missouri,1978,4.883333
Missouri,1979,4.8416667
Missouri,1980,7.225
Missouri,1981,7.6416664
Missouri,1982,9.216667
Missouri,1983,9.891666
Missouri,1984,7.1666665
Missouri,1985,6.525
Missouri,1986,6.258333
Missouri,1987,6.225
Missouri,1988,5.725
Missouri,1989,5.5416665
Missouri,1990,6.1361775
Missouri,1991,6.858929
Missouri,1992,6.604935
Missouri,1993,6.994103
Missouri,1994,5.530531
Missouri,1995,5.1659975
Missouri,1996,5.319448
Missouri,1997,4.7636623
Missouri,1998,4.4205213
Missouri,1999,3.484772
Missouri,2000,3.7250814
Missouri,2001,4.761686
Missouri,2002,5.3807
Missouri,2003,5.6077766
Missouri,2004,5.701547
Missouri,2005,5.2774024
Missouri,2006,4.7707653
Missouri,2007,5.0798044
Missouri,2008,5.977402
Missouri,2009,8.952361
Missouri,2010,9.570381
Missouri,2011,8.555952
Missouri,2012,7.025972
Missouri,2013,6.7923446
Missouri,2014,6.2535872
Missouri,2015,5.1952305
Missouri,2016,4.8292184
Missouri,2017,3.935511
Missouri,2018,3.3181562
Missouri,2019,3.7061012
Montana,1976,5.9416666
Montana,1977,6.3
Montana,1978,5.733333
Montana,1979,5.1749997
Montana,1980,6.116667
Montana,1981,6.8333335
Montana,1982,8.516666
Montana,1983,8.616667
Montana,1984,7.6083336
Montana,1985,7.6416664
Montana,1986,7.925
Montana,1987,7.45
Montana,1988,6.6583333
Montana,1989,5.7833333
Montana,1990,5.4633965
Montana,1991,6.502321
Montana,1992,6.375211
Montana,1993,5.693038
Montana,1994,5.19462
Montana,1995,5.729536
Montana,1996,5.3732066
Montana,1997,5.348207
Montana,1998,5.782595
Montana,1999,5.6042194
Montana,2000,5.210021
Montana,2001,4.671519
Montana,2002,4.633017
Montana,2003,4.8909283
Montana,2004,4.961709
Montana,2005,4.595042
Montana,2006,3.6904008
Montana,2007,3.7587552
Montana,2008,5.0501056
Montana,2009,6.3900843
Montana,2010,6.627004
Montana,2011,6.4787974
Montana,2012,5.629114
Montana,2013,5.242089
Montana,2014,4.588291
Montana,2015,4.221941
Montana,2016,4.235443
Montana,2017,4.013502
Montana,2018,3.8163502
Montana,2019,3.6970646
Nebraska,1976,3.1916666
Nebraska,1977,3.4583333
Nebraska,1978,3.1166668
Nebraska,1979,3.05
Nebraska,1980,3.9333334
Nebraska,1981,4.258333
Nebraska,1982,5.6666665
Nebraska,1983,5.55
Nebraska,1984,4.508333
Nebraska,1985,5.1583333
Nebraska,1986,5.008333
Nebraska,1987,4.4083333
Nebraska,1988,3.5666666
Nebraska,1989,2.9166667
Nebraska,1990,2.0953948
Nebraska,1991,2.449342
Nebraska,1992,2.653158
Nebraska,1993,2.6376975
Nebraska,1994,2.6436841
Nebraska,1995,2.7658553
Nebraska,1996,2.8707237
Nebraska,1997,2.5495396
Nebraska,1998,2.6801975
Nebraska,1999,2.9257011
Nebraska,2000,2.8754203
Nebraska,2001,3.0628073
Nebraska,2002,3.4413326
Nebraska,2003,3.71533
Nebraska,2004,3.6462483
Nebraska,2005,3.562225
Nebraska,2006,2.972639
Nebraska,2007,2.889586
Nebraska,2008,3.2301424
Nebraska,2009,4.3360286
Nebraska,2010,4.4064035
Nebraska,2011,4.1617723
Nebraska,2012,3.800388
Nebraska,2013,3.6699224
Nebraska,2014,3.1576326
Nebraska,2015,2.9175937
Nebraska,2016,2.9994178
Nebraska,2017,2.849612
Nebraska,2018,2.7567918
Nebraska,2019,3.1339736
Nevada,1976,8.766666
Nevada,1977,6.725
Nevada,1978,4.4666667
Nevada,1979,4.9416666
Nevada,1980,6.1833334
Nevada,1981,7.175
Nevada,1982,9.883333
Nevada,1983,9.566667
Nevada,1984,7.883333
Nevada,1985,7.7
Nevada,1986,6.2083335
Nevada,1987,6.0583334
Nevada,1988,5.2333336
Nevada,1989,4.725
Nevada,1990,5.1650963
Nevada,1991,5.832334
Nevada,1992,7.071092
Nevada,1993,7.825696
Nevada,1994,7.3132763
Nevada,1995,6.3638115
Nevada,1996,6.0122056
Nevada,1997,5.2473235
Nevada,1998,5.3280516
Nevada,1999,4.9053535
Nevada,2000,4.482869
Nevada,2001,5.355889
Nevada,2002,5.4383297
Nevada,2003,5.0475373
Nevada,2004,4.3914347
Nevada,2005,4.2623124
Nevada,2006,4.309208
Nevada,2007,4.5421844
Nevada,2008,6.6122055
Nevada,2009,10.314561
Nevada,2010,12.76167
Nevada,2011,12.326552
Nevada,2012,10.757174
Nevada,2013,9.39015
Nevada,2014,7.8250537
Nevada,2015,6.829122
Nevada,2016,5.7092075
Nevada,2017,4.795289
Nevada,2018,4.3408995
Nevada,2019,4.0190477
New Hampshire,1976,6.508333
New Hampshire,1977,5.4333334
New Hampshire,1978,3.8166666
New Hampshire,1979,3.2
New Hampshire,1980,4.55
New Hampshire,1981,5.1666665
New Hampshire,1982,6.775
New Hampshire,1983,5.5
New Hampshire,1984,4.3
New Hampshire,1985,3.7333333
New Hampshire,1986,2.7583332
New Hampshire,1987,2.325
New Hampshire,1988,2.425
New Hampshire,1989,3.4583333
New Hampshire,1990,5.1418467
New Hampshire,1991,6.7801027
New Hampshire,1992,6.4279966
New Hampshire,1993,5.3288336
New Hampshire,1994,4.116307
New Hampshire,1995,3.662095
New Hampshire,1996,3.7520518
New Hampshire,1997,3.262311
New Hampshire,1998,2.6826675
New Hampshire,1999,2.5824783
New Hampshire,2000,2.621684
New Hampshire,2001,3.2173257
New Hampshire,2002,4.0152273
New Hampshire,2003,3.8827817
New Hampshire,2004,3.5176487
New Hampshire,2005,3.3555286
New Hampshire,2006,3.2820284
New Hampshire,2007,3.4439063
New Hampshire,2008,4.0448256
New Hampshire,2009,6.245335
New Hampshire,2010,5.6498036
New Hampshire,2011,5.2310085
New Hampshire,2012,5.2714148
New Hampshire,2013,4.882875
New Hampshire,2014,4.097544
New Hampshire,2015,3.2399476
New Hampshire,2016,2.759823
New Hampshire,2017,2.6057303
New Hampshire,2018,2.427472
New Hampshire,2019,2.563465
New Jersey,1976,10.425
New Jersey,1977,9.358334
New Jersey,1978,7.266667
New Jersey,1979,6.925
New Jersey,1980,7.2166667
New Jersey,1981,7.4666667
New Jersey,1982,8.708334
New Jersey,1983,8.033333
New Jersey,1984,6.1666665
New Jersey,1985,5.6
New Jersey,1986,5.016667
New Jersey,1987,4.108333
New Jersey,1988,3.8083334
New Jersey,1989,4.0833335
New Jersey,1990,5.151842
New Jersey,1991,6.7986183
New Jersey,1992,8.441052
New Jersey,1993,7.6851974
New Jersey,1994,6.928816
New Jersey,1995,6.5429606
New Jersey,1996,6.3338156
New Jersey,1997,5.4422708
New Jersey,1998,4.806821
New Jersey,1999,4.703379
New Jersey,2000,3.8522913
New Jersey,2001,4.4074616
New Jersey,2002,5.942597
New Jersey,2003,6.011222
New Jersey,2004,5.0103407
New Jersey,2005,4.5797296
New Jersey,2006,4.8326087
New Jersey,2007,4.455053
New Jersey,2008,5.5415983
New Jersey,2009,9.315276
New Jersey,2010,9.7519245
New Jersey,2011,9.635612
New Jersey,2012,9.611004
New Jersey,2013,8.490436
New Jersey,2014,7.0269384
New Jersey,2015,6.0348616
New Jersey,2016,5.1800227
New Jersey,2017,4.8212223
New Jersey,2018,4.3130164
New Jersey,2019,3.8293066
New Mexico,1976,8.891666
New Mexico,1977,7.6083336
New Mexico,1978,5.9416666
New Mexico,1979,6.375
New Mexico,1980,7.575
New Mexico,1981,7.3
New Mexico,1982,9.241667
New Mexico,1983,9.65
New Mexico,1984,7.825
New Mexico,1985,8.333333
New Mexico,1986,9.308333
New Mexico,1987,8.708333
New Mexico,1988,7.4833336
New Mexico,1989,6.7083335
New Mexico,1990,7.628588
New Mexico,1991,8.243641
New Mexico,1992,8.576663
New Mexico,1993,7.666278
New Mexico,1994,7.697783
New Mexico,1995,7.9849477
New Mexico,1996,8.635122
New Mexico,1997,7.520887
New Mexico,1998,7.0819135
New Mexico,1999,6.6231036
New Mexico,2000,5.5354724
New Mexico,2001,5.427538
New Mexico,2002,5.860677
New Mexico,2003,6.208401
New Mexico,2004,5.836056
New Mexico,2005,5.3184366
New Mexico,2006,4.322054
New Mexico,2007,3.864994
New Mexico,2008,4.484597
New Mexico,2009,7.381797
New Mexico,2010,8.375962
New Mexico,2011,7.806418
New Mexico,2012,7.381097
New Mexico,2013,7.2380395
New Mexico,2014,6.9722285
New Mexico,2015,6.87958
New Mexico,2016,6.954259
New Mexico,2017,6.141307
New Mexico,2018,5.178763
New Mexico,2019,5.3112555
New York,1976,10.3
New York,1977,9.255555
New York,1978,7.913889
New York,1979,7.3722224
New York,1980,7.616667
New York,1981,7.7444444
New York,1982,8.591666
New York,1983,8.8
New York,1984,7.3861113
New York,1985,6.7916665
New York,1986,6.366667
New York,1987,4.983333
New York,1988,4.4027777
New York,1989,5.1916666
New York,1990,4.7280927
New York,1991,6.6027136
New York,1992,7.327494
New York,1993,6.6083
New York,1994,6.0729847
New York,1995,5.5264564
New York,1996,5.0855546
New York,1997,5.0237327
New York,1998,4.572661
New York,1999,4.4996934
New York,2000,3.9270105
New York,2001,4.2395678
New York,2002,5.129704
New York,2003,5.315099
New York,2004,5.161381
New York,2005,4.6348634
New York,2006,4.369575
New York,2007,4.381411
New York,2008,5.44063
New York,2009,7.8564115
New York,2010,8.14296
New York,2011,7.9201584
New York,2012,8.139147
New York,2013,7.185202
New York,2014,5.8893924
New York,2015,5.153416
New York,2016,4.777652
New York,2017,4.8916197
New York,2018,4.243715
New York,2019,4.010714
North Carolina,1976,6.2166667
North Carolina,1977,5.9166665
North Carolina,1978,4.475
North Carolina,1979,4.7666664
North Carolina,1980,6.4166665
North Carolina,1981,6.475
North Carolina,1982,9.208333
North Carolina,1983,8.958333
North Carolina,1984,6.75
North Carolina,1985,5.5583334
North Carolina,1986,5.2833333
North Carolina,1987,4.5416665
North Carolina,1988,3.6499999
North Carolina,1989,3.5416665
North Carolina,1990,4.7558956
North Carolina,1991,6.5526686
North Carolina,1992,6.9005795
North Carolina,1993,5.852172
North Carolina,1994,5.243111
North Carolina,1995,5.260447
North Carolina,1996,5.315101
North Carolina,1997,4.6518826
North Carolina,1998,4.349607
North Carolina,1999,4.0617695
North Carolina,2000,4.1651225
North Carolina,2001,6.1189127
North Carolina,2002,7.160031
North Carolina,2003,6.855819
North Carolina,2004,5.947205
North Carolina,2005,5.4766464
North Carolina,2006,4.961715
North Carolina,2007,4.9338055
North Carolina,2008,6.3695254
North Carolina,2009,10.763936
North Carolina,2010,10.929778
North Carolina,2011,10.420759
North Carolina,2012,9.65043
North Carolina,2013,8.357945
North Carolina,2014,6.601432
North Carolina,2015,6.071009
North Carolina,2016,5.550036
North Carolina,2017,4.817967
North Carolina,2018,4.2856836
North Carolina,2019,4.5510297
North Dakota,1976,3.6916666
North Dakota,1977,4.5333333
North Dakota,1978,4.2333336
North Dakota,1979,4.016667
North Dakota,1980,4.9416666
North Dakota,1981,4.825
North Dakota,1982,5.5583334
North Dakota,1983,5.65
North Dakota,1984,5.2833333
North Dakota,1985,5.6749997
North Dakota,1986,5.8416667
North Dakota,1987,4.991667
North Dakota,1988,4.6833334
North Dakota,1989,4.291667
North Dakota,1990,3.9586768
North Dakota,1991,4.571258
North Dakota,1992,5.143601
North Dakota,1993,4.543601
North Dakota,1994,3.804447
North Dakota,1995,3.375488
North Dakota,1996,3.2055314
North Dakota,1997,2.9224513
North Dakota,1998,3.255423
North Dakota,1999,3.7396963
North Dakota,2000,3.271475
North Dakota,2001,3.2229934
North Dakota,2002,3.9920824
North Dakota,2003,3.9812365
North Dakota,2004,3.7607374
North Dakota,2005,3.7460954
North Dakota,2006,3.624295
North Dakota,2007,3.5126898
North Dakota,2008,3.4451194
North Dakota,2009,4.3065076
North Dakota,2010,3.8631856
North Dakota,2011,3.6462026
North Dakota,2012,3.371308
North Dakota,2013,3.2776372
North Dakota,2014,3.0718355
North Dakota,2015,3.120464
North Dakota,2016,3.342616
North Dakota,2017,2.8675106
North Dakota,2018,2.7927215
North Dakota,2019,2.9203522
Ohio,1976,7.766667
Ohio,1977,6.5166664
Ohio,1978,5.4666667
Ohio,1979,5.8333335
Ohio,1980,8.4
Ohio,1981,9.408334
Ohio,1982,12.691667
Ohio,1983,12.375
Ohio,1984,9.466667
Ohio,1985,8.883333
Ohio,1986,8.308333
Ohio,1987,7.116667
Ohio,1988,6.008333
Ohio,1989,5.5583334
Ohio,1990,6.345288
Ohio,1991,7.1881557
Ohio,1992,8.105537
Ohio,1993,7.2847085
Ohio,1994,6.1138616
Ohio,1995,5.468867
Ohio,1996,5.8376603
Ohio,1997,5.3840976
Ohio,1998,5.0320086
Ohio,1999,4.972187
Ohio,2000,4.47896
Ohio,2001,4.7262073
Ohio,2002,6.1328945
Ohio,2003,6.4414725
Ohio,2004,6.48281
Ohio,2005,6.117967
Ohio,2006,5.5484295
Ohio,2007,5.6887875
Ohio,2008,6.692097
Ohio,2009,10.902701
Ohio,2010,10.715891
Ohio,2011,9.220249
Ohio,2012,7.683814
Ohio,2013,7.7260156
Ohio,2014,5.9846
Ohio,2015,5.1042266
Ohio,2016,5.2721496
Ohio,2017,5.121363
Ohio,2018,4.720642
Ohio,2019,4.4444985
Oklahoma,1976,5.6833334
Oklahoma,1977,4.9500003
Oklahoma,1978,3.575
Oklahoma,1979,3.3666668
Oklahoma,1980,4.4
Oklahoma,1981,3.6333334
Oklahoma,1982,6.008333
Oklahoma,1983,8.366667
Oklahoma,1984,7.0916667
Oklahoma,1985,7.1749997
Oklahoma,1986,8.241667
Oklahoma,1987,7.266667
Oklahoma,1988,6.4083333
Oklahoma,1989,5.6666665
Oklahoma,1990,5.8802423
Oklahoma,1991,6.5687275
Oklahoma,1992,6.1341214
Oklahoma,1993,5.981091
Oklahoma,1994,5.714061
Oklahoma,1995,4.881212
Oklahoma,1996,4.4267273
Oklahoma,1997,4.4387274
Oklahoma,1998,4.742606
Oklahoma,1999,3.897091
Oklahoma,2000,3.1500902
Oklahoma,2001,3.656404
Oklahoma,2002,4.5873723
Oklahoma,2003,5.32285
Oklahoma,2004,4.849068
Oklahoma,2005,4.446843
Oklahoma,2006,3.933193
Oklahoma,2007,3.9915214
Oklahoma,2008,3.5975347
Oklahoma,2009,6.2025857
Oklahoma,2010,6.7527113
Oklahoma,2011,5.910962
Oklahoma,2012,5.2474637
Oklahoma,2013,5.3446646
Oklahoma,2014,4.563032
Oklahoma,2015,4.584781
Oklahoma,2016,4.9486885
Oklahoma,2017,4.3033066
Oklahoma,2018,3.418415
Oklahoma,2019,3.3409524
Oregon,1976,9.308333
Oregon,1977,7.4333334
Oregon,1978,6.075
Oregon,1979,6.6833334
Oregon,1980,8.483334
Oregon,1981,9.758333
Oregon,1982,11.558333
Oregon,1983,10.791667
Oregon,1984,9.416667
Oregon,1985,8.858334
Oregon,1986,8.041667
Oregon,1987,6.241667
Oregon,1988,5.775
Oregon,1989,5.4166665
Oregon,1990,6.119061
Oregon,1991,7.001033
Oregon,1992,7.900464
Oregon,1993,7.7642856
Oregon,1994,6.1938777
Oregon,1995,5.787718
Oregon,1996,6.7689276
Oregon,1997,6.7848763
Oregon,1998,6.860037
Oregon,1999,6.262399
Oregon,2000,5.5847683
Oregon,2001,6.789404
Oregon,2002,7.5852647
Oregon,2003,8.171026
Oregon,2004,7.470944
Oregon,2005,6.5229306
Oregon,2006,5.6603475
Oregon,2007,5.415811
Oregon,2008,6.8865066
Oregon,2009,11.509933
Oregon,2010,10.983792
Oregon,2011,9.981199
Oregon,2012,9.454133
Oregon,2013,8.4802265
Oregon,2014,7.3119125
Oregon,2015,6.0203404
Oregon,2016,5.1657214
Oregon,2017,4.523825
Oregon,2018,4.528606
Oregon,2019,4.7100754
Pennsylvania,1976,7.9750004
Pennsylvania,1977,7.6666665
Pennsylvania,1978,6.925
Pennsylvania,1979,6.866667
Pennsylvania,1980,8.041667
Pennsylvania,1981,8.383333
Pennsylvania,1982,11.141666
Pennsylvania,1983,11.516666
Pennsylvania,1984,9.083333
Pennsylvania,1985,8.008333
Pennsylvania,1986,6.8916664
Pennsylvania,1987,5.6666665
Pennsylvania,1988,5.05
Pennsylvania,1989,4.6916666
Pennsylvania,1990,5.857423
Pennsylvania,1991,7.33217
Pennsylvania,1992,7.7659507
Pennsylvania,1993,7.0063086
Pennsylvania,1994,6.382058
Pennsylvania,1995,5.935302
Pennsylvania,1996,5.7115884
Pennsylvania,1997,5.4110513
Pennsylvania,1998,4.84698
Pennsylvania,1999,4.644206
Pennsylvania,2000,4.210672
Pennsylvania,2001,4.985672
Pennsylvania,2002,5.7465563
Pennsylvania,2003,5.734949
Pennsylvania,2004,5.530442
Pennsylvania,2005,5.073469
Pennsylvania,2006,4.6868625
Pennsylvania,2007,4.5183673
Pennsylvania,2008,5.471046
Pennsylvania,2009,8.372874
Pennsylvania,2010,8.636575
Pennsylvania,2011,7.978858
Pennsylvania,2012,7.852586
Pennsylvania,2013,7.4372363
Pennsylvania,2014,5.9456763
Pennsylvania,2015,5.424369
Pennsylvania,2016,5.5944147
Pennsylvania,2017,5.0522137
Pennsylvania,2018,4.4218864
Pennsylvania,2019,4.127573
Rhode Island,1976,8.208334
Rhode Island,1977,8.025
Rhode Island,1978,6.5666666
Rhode Island,1979,6.3916664
Rhode Island,1980,7.2166667
Rhode Island,1981,7.775
Rhode Island,1982,9.7
Rhode Island,1983,8.316667
Rhode Island,1984,5.508333
Rhode Island,1985,4.633333
Rhode Island,1986,4.0666666
Rhode Island,1987,3.6333332
Rhode Island,1988,3.1083333
Rhode Island,1989,4.116667
Rhode Island,1990,5.966195
Rhode Island,1991,8.097798
Rhode Island,1992,8.436792
Rhode Island,1993,7.431289
Rhode Island,1994,6.660063
Rhode Island,1995,6.0130506
Rhode Island,1996,5.1267295
Rhode Island,1997,4.847484
Rhode Island,1998,4.360063
Rhode Island,1999,3.9334905
Rhode Island,2000,3.8819182
Rhode Island,2001,4.255503
Rhode Island,2002,4.7132077
Rhode Island,2003,5.00739
Rhode Island,2004,4.9111633
Rhode Island,2005,4.788994
Rhode Island,2006,4.685849
Rhode Island,2007,4.9110065
Rhode Island,2008,7.3503146
Rhode Island,2009,10.3921385
Rhode Island,2010,10.947327
Rhode Island,2011,10.78978
Rhode Island,2012,10.191352
Rhode Island,2013,9.0861635
Rhode Island,2014,7.5570755
Rhode Island,2015,5.906132
Rhode Island,2016,5.0833335
Rhode Island,2017,4.3345914
Rhode Island,2018,3.983176
Rhode Island,2019,3.7177842
South Carolina,1976,7.175
South Carolina,1977,6.8416667
South Carolina,1978,5.741667
South Carolina,1979,5.016667
South Carolina,1980,6.766667
South Carolina,1981,8.091667
South Carolina,1982,11.116667
South Carolina,1983,9.85
South Carolina,1984,6.916667
South Carolina,1985,6.925
South Carolina,1986,6.4416666
South Carolina,1987,5.5166664
South Carolina,1988,4.675
South Carolina,1989,4.6
South Carolina,1990,5.643441
South Carolina,1991,7.2057033
South Carolina,1992,7.662723
South Carolina,1993,8.397277
South Carolina,1994,7.361315
South Carolina,1995,6.167323
South Carolina,1996,6.831513
South Carolina,1997,5.4692926
South Carolina,1998,4.6702776
South Carolina,1999,5.2283187
South Carolina,2000,4.081716
South Carolina,2001,5.6768246
South Carolina,2002,6.258701
South Carolina,2003,7.437209
South Carolina,2004,7.3105054
South Carolina,2005,7.2234163
South Carolina,2006,6.886688
South Carolina,2007,6.1367283
South Carolina,2008,7.3533278
South Carolina,2009,11.884442
South Carolina,2010,11.688773
South Carolina,2011,11.155012
South Carolina,2012,9.859423
South Carolina,2013,8.22903
South Carolina,2014,6.9080997
South Carolina,2015,6.5161905
South Carolina,2016,5.4414287
South Carolina,2017,4.6205554
South Carolina,2018,3.6840477
South Carolina,2019,3.5726068
South Dakota,1976,3.2166667
South Dakota,1977,3.2916665
South Dakota,1978,3.1
South Dakota,1979,3.35
South Dakota,1980,4.7916665
South Dakota,1981,4.95
South Dakota,1982,5.475
South Dakota,1983,5.2
South Dakota,1984,4.391667
South Dakota,1985,4.8250003
South Dakota,1986,4.5833335
South Dakota,1987,4.208333
South Dakota,1988,4.0666666
South Dakota,1989,4.008333
South Dakota,1990,4.277611
South Dakota,1991,4.1252213
South Dakota,1992,3.9422123
South Dakota,1993,4.0404425
South Dakota,1994,3.9706194
South Dakota,1995,3.736637
South Dakota,1996,3.898407
South Dakota,1997,3.6671681
South Dakota,1998,3.5713274
South Dakota,1999,3.566991
South Dakota,2000,2.9713275
South Dakota,2001,3.5473452
South Dakota,2002,3.5507965
South Dakota,2003,3.889292
South Dakota,2004,4.0902653
South Dakota,2005,4.314867
South Dakota,2006,3.5877876
South Dakota,2007,3.3166373
South Dakota,2008,3.478938
South Dakota,2009,5.124513
South Dakota,2010,5.212655
South Dakota,2011,5.130531
South Dakota,2012,4.74177
South Dakota,2013,4.3095574
South Dakota,2014,3.9243362
South Dakota,2015,3.5127435
South Dakota,2016,3.3527434
South Dakota,2017,3.601593
South Dakota,2018,3.422124
South Dakota,2019,3.3985221
Tennessee,1976,6.05
Tennessee,1977,6.233333
Tennessee,1978,5.825
Tennessee,1979,5.858333
Tennessee,1980,7.4583335
Tennessee,1981,8.933333
Tennessee,1982,11.716666
Tennessee,1983,11.55
Tennessee,1984,8.566667
Tennessee,1985,7.9333334
Tennessee,1986,7.891667
Tennessee,1987,6.6083336
Tennessee,1988,5.8166666
Tennessee,1989,5.075
Tennessee,1990,6.1931696
Tennessee,1991,7.859211
Tennessee,1992,7.446801
Tennessee,1993,6.73064
Tennessee,1994,5.6520443
Tennessee,1995,6.1122174
Tennessee,1996,6.400481
Tennessee,1997,6.547282
Tennessee,1998,5.3156753
Tennessee,1999,4.84915
Tennessee,2000,4.3008947
Tennessee,2001,5.178389
Tennessee,2002,5.75821
Tennessee,2003,6.302148
Tennessee,2004,5.8522596
Tennessee,2005,6.1510515
Tennessee,2006,5.7499776
Tennessee,2007,5.227696
Tennessee,2008,7.3049664
Tennessee,2009,11.628143
Tennessee,2010,10.581895
Tennessee,2011,9.833719
Tennessee,2012,8.632073
Tennessee,2013,8.539013
Tennessee,2014,7.199867
Tennessee,2015,6.188701
Tennessee,2016,5.222509
Tennessee,2017,4.1524467
Tennessee,2018,3.8437722
Tennessee,2019,3.855161
Texas,1976,5.7833333
Texas,1977,5.325
Texas,1978,4.775
Texas,1979,4.3583336
Texas,1980,5.141667
Texas,1981,5.3
Texas,1982,6.9
Texas,1983,7.925
Texas,1984,6.116667
Texas,1985,7.0416665
Texas,1986,8.758333
Texas,1987,8.425
Texas,1988,7.3416667
Texas,1989,6.6583333
Texas,1990,6.135946
Texas,1991,6.6396885
Texas,1992,7.589126
Texas,1993,7.052024
Texas,1994,6.568487
Texas,1995,6.209749
Texas,1996,5.9501286
Texas,1997,5.6838098
Texas,1998,5.4866123
Texas,1999,5.320937
Texas,2000,4.535033
Texas,2001,4.950243
Texas,2002,6.164038
Texas,2003,6.396743
Texas,2004,5.725763
Texas,2005,5.2429476
Texas,2006,4.817524
Texas,2007,4.261592
Texas,2008,4.6775537
Texas,2009,7.3661165
Texas,2010,8.110855
Texas,2011,7.50655
Texas,2012,6.638919
Texas,2013,6.2450595
Texas,2014,5.011378
Texas,2015,4.547064
Texas,2016,5.085291
Texas,2017,4.633046
Texas,2018,4.1051807
Texas,2019,3.7704587
Utah,1976,5.5666666
Utah,1977,5.125
Utah,1978,3.7916667
Utah,1979,4.3333335
Utah,1980,6.2
Utah,1981,6.5666666
Utah,1982,8.191667
Utah,1983,8.725
Utah,1984,6.475
Utah,1985,6.025
Utah,1986,6.108333
Utah,1987,6.225
Utah,1988,4.9583335
Utah,1989,4.5333333
Utah,1990,5.2784314
Utah,1991,5.717507
Utah,1992,5.869051
Utah,1993,4.9862447
Utah,1994,4.896286
Utah,1995,4.6387897
Utah,1996,4.324865
Utah,1997,3.932376
Utah,1998,4.360444
Utah,1999,4.215155
Utah,2000,3.5748663
Utah,2001,4.5228877
Utah,2002,5.7272725
Utah,2003,5.64877
Utah,2004,5.037861
Utah,2005,4.155294
Utah,2006,3.0570054
Utah,2007,2.668984
Utah,2008,3.6629946
Utah,2009,7.3345456
Utah,2010,8.0055
Utah,2011,6.9939
Utah,2012,5.7181
Utah,2013,4.9411
Utah,2014,4.1537
Utah,2015,4.083317
Utah,2016,3.9786549
Utah,2017,3.6457171
Utah,2018,3.4330125
Utah,2019,3.3221428
Vermont,1976,8.325
Vermont,1977,6.983333
Vermont,1978,5.6
Vermont,1979,5.1416664
Vermont,1980,6.1833334
Vermont,1981,5.8333335
Vermont,1982,6.983333
Vermont,1983,6.4333334
Vermont,1984,5.0666666
Vermont,1985,4.7833333
Vermont,1986,4.266667
Vermont,1987,3.5666666
Vermont,1988,2.9916668
Vermont,1989,3.575
Vermont,1990,4.885424
Vermont,1991,6.475183
Vermont,1992,6.1681657
Vermont,1993,5.2178273
Vermont,1994,4.6404495
Vermont,1995,4.4929557
Vermont,1996,4.573395
Vermont,1997,4.1547008
Vermont,1998,3.6704144
Vermont,1999,3.3368464
Vermont,2000,3.2075603
Vermont,2001,3.9186327
Vermont,2002,4.6984987
Vermont,2003,4.631099
Vermont,2004,4.472815
Vermont,2005,4.0558715
Vermont,2006,4.178606
Vermont,2007,4.5273995
Vermont,2008,5.4246593
Vermont,2009,6.979829
Vermont,2010,6.376381
Vermont,2011,5.8164954
Vermont,2012,5.257181
Vermont,2013,4.6633143
Vermont,2014,4.2044954
Vermont,2015,3.7977905
Vermont,2016,3.4528
Vermont,2017,3.200343
Vermont,2018,2.8409524
Vermont,2019,2.5371287
Virginia,1976,5.8250003
Virginia,1977,5.475
Virginia,1978,5.291667
Virginia,1979,4.725
Virginia,1980,5.175
Virginia,1981,5.9833336
Virginia,1982,7.45
Virginia,1983,6.4666667
Virginia,1984,5.0833335
Virginia,1985,5.483333
Virginia,1986,5.0416665
Virginia,1987,4.2833333
Virginia,1988,3.9416666
Virginia,1989,3.8916667
Virginia,1990,5.9388247
Virginia,1991,7.5645785
Virginia,1992,7.685267
Virginia,1993,6.389714
Virginia,1994,5.9539056
Virginia,1995,5.610673
Virginia,1996,5.619799
Virginia,1997,4.8033857
Virginia,1998,3.7772605
Virginia,1999,3.5821085
Virginia,2000,2.849442
Virginia,2001,3.8337052
Virginia,2002,4.9157753
Virginia,2003,4.8751826
Virginia,2004,4.6130433
Virginia,2005,4.3397074
Virginia,2006,3.8068104
Virginia,2007,3.7697575
Virginia,2008,4.861447
Virginia,2009,8.103925
Virginia,2010,8.555406
Virginia,2011,7.8161216
Virginia,2012,7.1766834
Virginia,2013,6.7486725
Virginia,2014,6.0693727
Virginia,2015,5.178684
Virginia,2016,4.7873797
Virginia,2017,4.245633
Virginia,2018,3.4150057
Virginia,2019,3.4030714
Washington,1976,8.875
Washington,1977,8.466666
Washington,1978,6.8333335
Washington,1979,6.675
Washington,1980,8.066667
Washington,1981,9.558333
Washington,1982,11.933333
Washington,1983,11.125
Washington,1984,9.283333
Washington,1985,8.35
Washington,1986,8.125
Washington,1987,7.3333335
Washington,1988,6.3166666
Washington,1989,5.866667
Washington,1990,6.5608697
Washington,1991,7.712633
Washington,1992,8.6767845
Washington,1993,8.652435
Washington,1994,7.849838
Washington,1995,7.5750194
Washington,1996,7.294063
Washington,1997,6.1096945
Washington,1998,5.936931
Washington,1999,5.8861246
Washington,2000,5.952941
Washington,2001,7.084246
Washington,2002,7.860852
Washington,2003,7.8684244
Washington,2004,6.7535496
Washington,2005,6.0296144
Washington,2006,5.597025
Washington,2007,5.3087897
Washington,2008,5.876335
Washington,2009,9.264165
Washington,2010,9.865086
Washington,2011,9.353558
Washington,2012,8.60112
Washington,2013,7.6370344
Washington,2014,6.5904636
Washington,2015,6.1208363
Washington,2016,5.797061
Washington,2017,5.180797
Washington,2018,4.9860873
Washington,2019,5.376755
West Virginia,1976,7.325
West Virginia,1977,6.883333
West Virginia,1978,6.175
West Virginia,1979,6.916667
West Virginia,1980,9.466667
West Virginia,1981,10.566667
West Virginia,1982,13.983334
West Virginia,1983,17.791666
West Virginia,1984,14.758333
West Virginia,1985,13.15
West Virginia,1986,11.808333
West Virginia,1987,10.816667
West Virginia,1988,9.833333
West Virginia,1989,8.616667
West Virginia,1990,9.098875
West Virginia,1991,11.337803
West Virginia,1992,11.837284
West Virginia,1993,11.131401
West Virginia,1994,9.450605
West Virginia,1995,8.610208
West Virginia,1996,8.1881485
West Virginia,1997,7.5172143
West Virginia,1998,7.351038
West Virginia,1999,7.1846886
West Virginia,2000,5.8628893
West Virginia,2001,5.3593426
West Virginia,2002,6.3457613
West Virginia,2003,6.481142
West Virginia,2004,5.703374
West Virginia,2005,5.4896193
West Virginia,2006,5.2572665
West Virginia,2007,4.915917
West Virginia,2008,4.733218
West Virginia,2009,8.428979
West Virginia,2010,9.296367
West Virginia,2011,8.622837
West Virginia,2012,8.088668
West Virginia,2013,7.364879
West Virginia,2014,7.243339
West Virginia,2015,7.4765573
West Virginia,2016,6.8586507
West Virginia,2017,5.656401
West Virginia,2018,5.6435122
West Virginia,2019,5.555056
Wisconsin,1976,5.516667
Wisconsin,1977,5.116667
Wisconsin,1978,4.9666667
Wisconsin,1979,4.5916667
Wisconsin,1980,7.233333
Wisconsin,1981,8.008333
Wisconsin,1982,10.541667
Wisconsin,1983,10.216666
Wisconsin,1984,7.4
Wisconsin,1985,7.1666665
Wisconsin,1986,6.9666667
Wisconsin,1987,5.883333
Wisconsin,1988,4.4083333
Wisconsin,1989,4.3333335
Wisconsin,1990,4.9593887
Wisconsin,1991,6.3328056
Wisconsin,1992,5.9675765
Wisconsin,1993,5.5623364
Wisconsin,1994,5.2312226
Wisconsin,1995,4.4416575
Wisconsin,1996,4.243595
Wisconsin,1997,4.181647
Wisconsin,1998,3.9503767
Wisconsin,1999,3.6360602
Wisconsin,2000,3.7839313
Wisconsin,2001,4.8084764
Wisconsin,2002,5.6691628
Wisconsin,2003,5.9658346
Wisconsin,2004,5.4602184
Wisconsin,2005,5.172855
Wisconsin,2006,5.2145085
Wisconsin,2007,5.347738
Wisconsin,2008,5.3814354
Wisconsin,2009,9.312948
Wisconsin,2010,9.351343
Wisconsin,2011,8.355734
Wisconsin,2012,7.56937
Wisconsin,2013,7.2510333
Wisconsin,2014,5.704597
Wisconsin,2015,4.8169937
Wisconsin,2016,4.2315545
Wisconsin,2017,3.4681888
Wisconsin,2018,3.174705
Wisconsin,2019,3.4370477
Wyoming,1976,3.9666667
Wyoming,1977,3.3833332
Wyoming,1978,3.0083334
Wyoming,1979,2.7583332
Wyoming,1980,3.8666668
Wyoming,1981,4.075
Wyoming,1982,6.2333336
Wyoming,1983,8.125
Wyoming,1984,6.2333336
Wyoming,1985,6.883333
Wyoming,1986,8.883333
Wyoming,1987,8.008333
Wyoming,1988,6.4333334
Wyoming,1989,6.116667
Wyoming,1990,5.0093307
Wyoming,1991,5.0087223
Wyoming,1992,5.415416
Wyoming,1993,5.1308317
Wyoming,1994,4.7736306
Wyoming,1995,4.62069
Wyoming,1996,4.7237325
Wyoming,1997,4.563083
Wyoming,1998,4.5363083
Wyoming,1999,4.4975657
Wyoming,2000,3.8436759
Wyoming,2001,3.75751
Wyoming,2002,4.010079
Wyoming,2003,4.2290516
Wyoming,2004,3.7646246
Wyoming,2005,3.5715415
Wyoming,2006,3.1541502
Wyoming,2007,2.8300395
Wyoming,2008,3.0693676
Wyoming,2009,6.194862
Wyoming,2010,6.260474
Wyoming,2011,5.6699605
Wyoming,2012,5.2243085
Wyoming,2013,4.673913
Wyoming,2014,4.094466
Wyoming,2015,4.2286563
Wyoming,2016,5.183399
Wyoming,2017,4.0709486
Wyoming,2018,3.950593
Wyoming,2019,3.7065933
